PRT_ID,SALES_PRICE
P05996,7664258.035643021
P09294,14687342.023112135
P03807,8165020.5847851485
P00539,14486946.675859116
P01448,7106811.07705339
P06667,13707878.489633935
P09803,14642202.513170915
P05568,21813756.62665342
P05102,14839457.826734437
P04556,5816440.478156654
P03782,9256315.740218189
P02221,11237472.09350435
P03299,11443958.45721628
P08959,8937469.194265543
P09377,7760206.969178343
P09924,9857830.89684568
P01394,8400041.00929782
P07407,11784317.462629946
P08729,12435455.827132663
P09542,12468225.057539312
P01853,9889195.421414625
P08051,12784452.896880908
P08271,5846401.4426835235
P02055,9472260.384033535
P01462,6585009.014680867
P03664,13460443.67974691
P02370,6808983.456271039
P07852,19744072.15887821
P06278,15640512.41952326
P08467,13538022.580473214
P00992,10972494.345393242
P05942,7108734.849867042
P03989,6679922.8657522425
P07060,10535024.76288996
P00285,13733858.160327803
P04718,5678555.866286096
P00956,11788628.97952347
P07903,11514574.932944441
P09166,8148236.71624291
P04499,7124975.835894122
P04015,3333416.2775919405
P09376,9030360.514513567
P00012,6781417.369249952
P08995,13673681.289957458
P02323,9473758.258445028
P01359,8917077.40231667
P07090,14047443.392496504
P08475,13713614.279413128
P02125,14597239.930866918
P07915,18730516.93497317
P06139,8393464.264263975
P03073,5287898.582473276
P08441,10216116.338335212
P01565,9210022.075224204
P00791,9250522.319561588
P06751,11434340.703797532
P04554,13275306.602957072
P03839,6800424.300843538
P01409,11537232.86431659
P07431,12883208.644369256
P03489,11658359.543930946
P06387,8744468.759032048
P06779,8759810.472913692
P01889,8455162.392680189
P06149,12973145.690341333
P08873,13354233.607396742
P03425,14791760.962981306
P09806,9033366.71827636
P04345,11056487.573376615
P04042,14476715.531403111
P09781,7277908.524456109
P00254,15168374.398535391
P09091,13238273.533468872
P04061,9138705.345955718
P06644,6077863.946782695
P08517,12770162.346031735
P07492,11126565.809695598
P04452,16206895.590676447
P08144,9378090.063865278
P02854,5615822.989515166
P04835,8953822.68874606
P00455,13134082.420437844
P07396,7722264.504216562
P07777,7086256.21140597
P05423,9553573.250834132
P05820,18357737.63366679
P01309,8587496.165727116
P04343,5561039.268303461
P05167,6970869.463899127
P03621,7273021.610660375
P01131,19136324.34240926
P04092,5471887.477161409
P07035,8528819.061402464
P04257,10646597.461614275
P00928,15018460.181321016
P09597,9351195.171675714
P09744,15189152.179875659
P08951,7355614.592512651
P03143,7976070.511270757
P00062,6572899.895362302
P06406,10336390.573634015
P07835,7959415.937017269
P00485,8388829.6162699
P09288,12846242.793741394
P04002,8936582.487669056
P04853,10002263.006032202
P03361,9587775.171383588
P05281,8259714.184553433
P06568,12022605.453526994
P07595,7774996.063652224
P02829,18862863.233515494
P03226,7227495.092030654
P03068,15123193.044446087
P04223,7733132.805208465
P01682,8006562.220700209
P01342,7237775.908279701
P01954,11085655.255650183
P03346,12522105.04526995
P06090,7336304.94183231
P08664,9081005.509099377
P02701,12308222.97329031
P03668,13308564.474608898
P05791,7396707.714715684
P04571,7272766.98250315
P04306,11153735.107396623
P06965,11323306.984525409
P00968,11563184.879645215
P07351,10481446.10426548
P07627,13669279.558935046
P02263,5554400.823492346
P00900,8261118.505018715
P05532,10152545.112732435
P02420,10757994.30792479
P02948,10683650.543552967
P02449,8766983.774118993
P04555,9527600.486428171
P08461,16335389.399653438
P03817,11046339.556117142
P01194,14890857.871606247
P00096,14617538.143333929
P06955,10608072.027282627
P07375,10265769.079992926
P01198,9850939.600991242
P06393,7265593.554811994
P00973,20131269.07984307
P08413,15646063.394509537
P08452,10177321.819179928
P05808,18310236.9696213
P01732,9553033.143172586
P03265,8537381.508689603
P09269,14968084.148727052
P02005,12673771.870859027
P09884,8656749.068636712
P03077,10388133.295833964
P02144,11903935.172123132
P01972,6209931.820307611
P03272,20045496.219678923
P04748,12806798.145698795
P09255,14353653.225636555
P02072,11733624.306172611
P05111,18410192.50286296
P05943,12187634.229577975
P04135,15763561.372011455
P03351,8936675.435214456
P02627,10502749.063723003
P02406,9364683.991650844
P05640,9834740.365975527
P09231,12083057.753539404
P06390,8536467.990546301
P08275,10655958.02202584
P00571,7699272.82059188
P03094,14824610.801062148
P02145,14835259.916104192
P01403,11434154.069716407
P00398,9251344.129407758
P05079,12186582.399911813
P08844,11927203.965212643
P05122,13531061.423498446
P02734,13617153.041905548
P07188,14801890.856004938
P05561,13383762.144869672
P00652,12255183.33700418
P01072,9902466.11479461
P00385,9024541.08273359
P05519,9607597.838097747
P01410,7981997.473450217
P05804,6372972.801126434
P07515,10640361.892269516
P00691,8109736.679849121
P03592,7543716.806453383
P09493,13340508.279045774
P04172,7382564.644582669
P01605,9316436.228655951
P03956,6506315.415282394
P05076,8436053.18266756
P05695,13143360.30290407
P00993,12064948.158807255
P02468,10066988.095783737
P06320,4044347.4541006978
P02001,13188659.975288872
P08770,9278155.905843733
P00229,17524847.159196254
P06646,11285493.600879764
P04466,8071113.034839672
P05793,7246981.423870364
P01750,11358102.303989777
P09131,7748063.21229181
P02168,8296002.876409621
P02511,6050857.069596339
P07343,9474402.206996003
P01376,21539525.06704805
P07422,13319599.395789847
P01769,8747661.357886134
P08586,9038907.848962596
P06488,6450983.130628646
P01230,8204201.347585876
P02908,7001864.5786832
P08831,19850672.76078404
P03288,14206908.429307763
P00680,5712235.190755712
P02031,7739923.665478095
P04875,5988481.715443787
P07956,11991560.364698363
P08447,8778184.19422183
P05865,9349661.599870207
P09672,15009084.565090057
P09920,8031165.604268288
P04910,7810729.545661442
P00162,13914180.344235493
P01825,9653569.629283335
P05292,7861308.643945256
P02712,12944284.548353907
P07747,8604689.272207716
P07472,12447690.198168315
P00068,12612245.07882522
P00750,17310522.441415235
P01938,12510533.230258333
P08240,8103651.912175163
P05994,8805676.616489341
P00744,11726242.66265059
P00792,13349345.53881149
P04083,6210236.537049029
P01744,12697192.177851116
P03503,12732816.202275647
P04256,7052002.944421031
P05332,9097862.272147296
P04078,10436173.524696108
P06574,17679362.51270526
P04752,11162775.08069908
P03316,13746304.77156251
P07291,10178025.054557294
P07280,12630322.662406055
P04397,7818838.848688658
P02025,12741821.47985843
P09003,15903849.059283547
P03088,9001270.945623387
P05216,16662365.814220378
P00823,11766567.712788722
P07932,20009756.3232817
P02680,12953442.926163387
P03407,11203050.795528745
P06860,13822964.666062053
P06832,8555469.860401457
P00361,17868681.694533974
P06394,9229501.33662806
P03881,8857313.350113675
P02725,7978441.211150721
P00544,14786469.670653466
P08809,10914748.089154769
P02307,9354079.72191063
P08485,9442288.408929164
P09159,14177122.184699582
P01398,10277219.75839261
P02495,6993647.148307963
P08769,9405733.277125707
P00458,11906121.177196406
P05850,19755230.784769516
P06648,8563749.63604428
P05003,8065170.93499954
P03602,15109292.041691707
P03201,9084597.276379528
P00489,10675935.430650953
P06958,8602635.846957676
P04750,10340600.289143456
P06660,10085222.775938952
P04403,12597618.523860587
P04175,10864285.551729705
P07433,11807122.27078453
P03525,9159858.607779812
P09373,6424051.636015534
P05845,8553653.249018807
P05717,8953252.080118317
P00953,10948074.624198562
P01301,12380523.28478392
P07032,6858145.793581605
P09312,7467290.436051025
P02357,11768110.193282386
P00029,12639538.222005464
P06760,10726761.464956949
P03206,10940354.938320652
P08261,11421517.731711939
P07838,13807824.759222487
P03558,11338409.306926413
P03700,7127006.940433327
P06412,12983228.52178052
P04043,11851018.140051043
P03850,9091655.431299414
P05426,6852951.14373093
P00178,8634484.887118708
P03363,11510506.279142912
P01018,13744213.8805427
P00572,9581741.87031746
P02373,13296050.586088043
P04813,7846484.39114141
P05372,5049030.137151623
P04285,10188986.854377108
P00459,14100741.827235974
P02208,6341810.288789949
P08567,7994405.636032991
P07415,22535512.203504868
P02413,9084270.16924008
P02586,7774898.6921965275
P05842,9727313.191261843
P05225,13780974.832853315
P03024,9065606.000159444
P04596,4109286.673565228
P01389,14646740.899744544
P03708,7332297.812987747
P08783,9240835.241706828
P06624,14481178.449391264
P02243,16823457.22840003
P00020,5947565.749153052
P05876,7940189.275161308
P07232,8412450.287824403
P02855,10264704.467641
P09303,9566878.079425216
P02015,8672110.37332143
P05454,13406070.38442299
P07348,12052175.415645983
P03637,11527413.818103723
P00263,7703700.78553407
P02270,12958152.968824448
P06691,6952208.901778286
P04068,6734889.545595401
P04812,7811550.286648993
P05806,16101293.312332062
P08297,8768040.127850031
P09086,20548639.47891572
P00775,10420354.935798243
P06970,15455642.185673876
P07630,9553286.102161333
P06558,3566303.86078051
P01847,12168688.910613103
P04412,6333634.544949858
P05028,9018669.723184004
P04089,4070173.690580727
P03672,10291543.150880741
P05147,8144854.811223403
P08288,11230345.912346538
P01330,11388451.39096493
P04020,10225357.780342303
P07516,9441404.505164078
P03129,13471781.587867813
P07204,13325473.046956537
P02045,9881034.472623874
P08996,15412597.853476634
P00574,10074726.981597424
P02149,10571653.453311503
P09851,14955445.82506787
P00509,22572022.17766218
P00136,19448242.83843741
P02618,13434631.889444556
P07265,8479030.097216716
P00855,14746355.360153198
P03046,7279433.771021532
P10026,9117971.333734214
P00177,8445664.262545131
P09301,7512889.392264628
P03284,8760579.858241962
P06088,7943372.955534728
P01106,8186498.6796509
P05623,11483713.76844407
P01357,19254639.631587986
P00215,16974148.318464957
P05023,18375523.334963012
P02983,7683225.4422226725
P05782,9039390.635542933
P05733,15444187.21257654
P02670,8867221.531154983
P08342,8263446.145386816
P09732,13415651.242128432
P05262,11894224.407163646
P05661,8712162.474045383
P07639,12482239.568934288
P08096,12497643.159311952
P09511,14582113.937398924
P00822,11015561.03911044
P06290,9037260.03734342
P06505,11621611.736334229
P07653,9418460.791190427
P06447,20526608.726242732
P04980,8446581.117030235
P05638,13862954.879602367
P07544,8758916.970389824
P01335,10502844.79376181
P05311,8436040.880605824
P03627,8734608.716278832
P03784,6588576.280007757
P01464,12731697.962917315
P01171,10603408.748546792
P07123,9814720.725246074
P09662,15302930.735128256
P03540,8340169.192019227
P05302,6511943.26350865
P08705,8525101.919126892
P06665,6607373.593311434
P04037,10666525.092804398
P00325,9092928.191690495
P08837,12175909.194959702
P05445,13117469.979118282
P00292,8632846.116435183
P05044,11470401.958682299
P03002,6087929.637176134
P05551,9953537.383285234
P01037,20269920.892577473
P02316,7420852.229276843
P07532,16606688.977169273
P02051,11938971.380346077
P00817,12080981.400901677
P05975,8360660.198022474
P09942,7013923.240835207
P00488,11891189.610312786
P03977,8682856.323786473
P07179,12655998.165436499
P04074,8704010.439225323
P04318,14011417.77398257
P07771,10762263.193244781
P06431,12762227.127411341
P00647,13314922.93491196
P03725,12910119.884765295
P00359,14050588.109289512
P03884,5454145.737003214
P04772,6983615.299228015
P04202,7033082.444927547
P07384,11764548.954890504
P09375,7942323.044865019
P02603,9743757.75336012
P05744,12906556.460709622
P00454,9000612.42400019
P03580,10467504.901964733
P01351,10833054.120340189
P05632,7988584.389623795
P02658,13199268.067182748
P03487,11234412.980490813
P05745,7095483.224476874
P08616,19971489.648703832
P00575,10267508.632453457
P00782,11316859.901491564
P09266,5020691.223442504
P05541,9429957.186773445
P07213,11938881.672376717
P03123,7376554.864599326
P01741,8492729.668896427
P04336,9347752.916297158
P02060,18828763.557908762
P04800,11324640.166631782
P01707,7210216.359032436
P06617,6998652.31281696
P08260,11237201.689703276
P07352,13256284.073031126
P01510,4690383.577949088
P06564,13016416.999005063
P08889,9393552.20768757
P07268,11503425.534120446
P08641,12049825.43774838
P03743,8350588.952073318
P08861,9360436.61915775
P07687,9189834.576129878
P06080,5958552.160026417
P01691,7717893.750999391
P03308,6159046.885052904
P00113,10562098.996739093
P04949,8624254.289751386
P04243,9808879.256191714
P04199,11821719.696989981
P02919,15097601.155912986
P06267,7664162.936349436
P07383,14243878.764360618
P05429,13770910.573274575
P07746,9568922.51581866
P08241,13826267.351445386
P00774,9667545.983582797
P02143,14091194.603877194
P00054,15236879.30352403
P05676,10083568.689890636
P05875,5134396.963505765
P05395,10980199.832679048
P07026,7913062.315411299
P09598,9122950.926654855
P09339,20151391.08297181
P03381,8726147.704816112
P08655,13791556.27943953
P02719,6997982.556099618
P06426,11096719.544250542
P06890,13202505.84613135
P02086,8222031.6215346735
P00830,6292049.9212019965
P06941,16784742.54905189
P02557,11449017.092930418
P07158,14330074.472585047
P08899,9124449.363761025
P10027,8788497.024453595
P03382,3185483.2693235716
P02619,10655070.168487515
P01966,14588412.395640703
P01898,16590805.393635003
P08328,14217483.771183556
P08153,10479927.068220306
P03374,7457445.9626987865
P02884,10147473.782233004
P04956,6956564.732299255
P03101,8467538.100242354
P02129,10148541.233424548
P08409,13953311.368448906
P04789,9398625.086860595
P06595,13999045.78147282
P08818,19473784.1532238
P00049,18421020.38662112
P08666,13146730.858768634
P05554,12398913.61099248
P07193,13503546.399134628
P09408,9788078.733652847
P04719,11343584.168539677
P04932,7189134.62653419
P08708,20516148.883711666
P02340,13393779.217972552
P03249,12345423.283087188
P06831,9446016.738180816
P08001,7510526.833140189
P03973,4302206.706955161
P00444,10460607.133035393
P04158,8937030.908420231
P05855,14338611.41012846
P07262,11928395.994675025
P05559,5251558.594650816
P05021,8765482.034094268
P04934,17452230.148308877
P04829,6902365.651030482
P00660,9106889.488337925
P03892,13818342.727198657
P01406,9410559.0634124
P01094,8897804.193163188
P05683,10438784.621253874
P07631,8582081.68968935
P00484,18213522.154624723
P05440,6330782.070187955
P04666,13996023.050228065
P08189,8669733.962472372
P09308,6183535.66113629
P05750,9531038.52233575
P00197,11310484.992678657
P01039,10358136.65062489
P09092,7755267.267618365
P06411,9599815.310618486
P04634,7545113.780244466
P09504,19513735.28220527
P01248,7558272.462487715
P00972,12698274.047919892
P00715,11770286.126658767
P02242,11857201.807580609
P07921,8093686.424210889
P00696,14204797.282942312
P08880,9181198.555656014
P07657,6352224.722844124
P06355,6452862.254629107
P06033,6890795.848992888
P00383,6708507.162501144
P09085,18779178.131286025
P06524,8146638.85802663
P01567,11527239.054265535
P09132,7403066.3048022585
P00940,12766402.862775022
P08171,20399428.28848895
P00456,12191034.38055723
P04128,6460535.777539098
P02328,13094232.99730415
P00793,13500159.908700712
P02409,8500311.912281225
P01064,13418267.843430575
P05038,12530408.504232882
P05479,8613739.875697197
P00326,8786464.928358434
P00974,7768035.590523545
P05278,11282007.947364792
P08168,9556418.243316095
P05103,13516683.80078649
P04646,9325848.22314432
P08299,11505037.096167454
P00859,11914894.049070287
P02708,4799149.297957555
P09223,9252472.576506127
P03765,8355002.547345854
P03835,13433998.687360667
P02787,12938611.614403654
P00567,20646711.619674243
P01184,20829996.8717398
P04181,8868554.011364494
P01221,12647909.542942693
P09360,8356473.767128643
P07530,11532173.427560776
P04603,6973329.644484363
P01306,8875359.07202344
P08283,20130602.669104677
P05162,11212562.473220129
P09889,12765913.433645299
P09432,9557673.24977445
P01524,18691352.660524614
P07172,13732329.932405949
P03266,6904693.585539693
P07889,10124579.382548798
P04431,6795856.573968359
P01797,8765948.78151714
P00268,12965186.468642622
P08897,11629014.630896367
P04788,7400964.723704777
P08215,10468849.309025303
P03595,9765434.0593483
P01202,13121356.816700626
P01297,15032178.468630483
P00618,12825048.082103483
P05952,13837711.884942535
P00102,14897657.203435771
P09921,15002649.40111777
P09040,14992416.164021082
P01561,19026572.276775002
P03040,11770400.825110963
P01726,9695236.470155487
P08303,12814663.924462397
P08679,7751034.393912616
P00044,13572172.342639174
P03533,5971831.0255485205
P04424,9824154.934694689
P04909,13897901.71124794
P00235,11403628.00566765
P05419,8450960.994237432
P05054,10213705.854433246
P03596,6847526.34457577
P07307,12765925.461800534
P05807,9247096.581113854
P05815,5159420.694302051
P09586,12804914.31433942
P07811,8274300.411506207
P06349,6947012.309715882
P02253,9986703.562199773
P02795,11865616.628116544
P06160,2514964.7764394884
P00762,19728115.185591582
P00731,13398719.278008008
P02460,8991118.511337416
P03135,15986741.867516393
P00013,9976915.90919048
P02202,8221867.294489312
P05706,18420040.067493606
P06135,8433755.27666977
P05349,12065411.644514257
P06331,6816585.239234714
P03673,10973763.14974963
P07108,8997042.264904484
P03471,9156657.411976168
P06194,8494358.113310156
P05433,6676548.632933778
P03263,10801556.151427783
P05463,9843039.256161878
P02095,7966475.6302928105
P04411,3448656.7834294997
P02266,12469312.682533566
P04589,5902415.671276621
P02187,12396970.0732686
P03438,10878946.859282043
P09224,8603187.776523517
P08410,8818549.774214385
P09790,9421790.195980113
P09729,10498155.471514812
P04857,9500229.028511083
P06887,12164633.789029779
P04640,8793641.789984997
P00207,9804751.399481477
P03508,6917329.848681368
P05938,5702075.279774068
P03547,14793799.937559046
P05288,6057624.2583177155
P05420,4545206.702677517
P02326,11259053.371297881
P06785,8561108.054671211
P07151,11438909.8712686
P04014,13915575.575677427
P08263,11331878.409976004
P07365,13609320.958308224
P09960,9415944.283748701
P02196,8364873.5653766105
P07441,8483205.066250017
P09069,14364162.016194995
P05937,7689798.49828578
P05930,9946518.536690842
P01100,11709365.927955182
P03395,10411380.29508166
P07971,9196967.288445953
P04746,9918123.114085095
P08162,11393231.350054277
P07666,8753015.781105036
P04537,7968072.731958551
P03593,13999407.296444586
P01054,13438146.22831698
P07884,14315334.131103745
P01290,10617221.838914867
P00320,16932481.914176278
P04621,6728764.578843534
P03877,18334779.775551293
P06541,11269870.978774402
P08952,8294581.106221871
P04902,7405747.661269329
P01800,9005606.603873063
P08866,13480586.017071605
P04898,7490114.3493855
P09112,10661768.758453565
P04962,11887541.229471996
P09567,13884654.186867224
P04072,9016380.50034453
P07859,13729550.870386
P09852,10471282.496113278
P09042,14614161.016263999
P01141,9725800.99626961
P00805,9937305.44513467
P05860,21385450.561200205
P03638,17726815.020624842
P05972,13106690.091338715
P09829,17088723.970299937
P07286,10324737.272311004
P01416,8177112.301689715
P02104,8261837.022163027
P03028,8295604.659645225
P07450,8183261.631737902
P08176,9059510.196243847
P06305,8074192.260731158
P01242,13648418.864365501
P02341,9742805.934306515
P01842,6033831.909385167
P06403,8787449.549228374
P07301,8950322.487952558
P09454,8087650.820479681
P02514,5527719.796298416
P01440,10117526.51845668
P07960,10913887.956050599
P07390,9171518.199597992
P08137,11250574.436731294
P02599,10911446.879911432
P07625,8576992.354536127
P07970,13612516.992999518
P00038,12830063.08416868
P07030,9980292.061006472
P03591,12140863.793573616
P00492,9066353.993779916
P05265,12406664.934851166
P09261,8078322.426937226
P09858,9394089.573479773
P04062,5123198.810436517
P00260,15095414.598337818
P01610,8576786.31611833
P05645,9372069.233601399
P00336,15764551.716633132
P07797,11572092.836182775
P02312,12641404.675149435
P04276,11243737.04348656
P05730,13539659.868663374
P02704,19684622.476569846
P00232,7379930.585394585
P07615,7931034.0979629755
P06795,12941600.874759143
P06949,8101705.847526934
P04559,10859185.069224782
P05689,11032525.316184508
P04881,18996762.943897545
P05848,9370220.201747637
P05839,10845491.337114694
P04496,16281793.482481685
P08638,21905263.394268304
P09949,10091407.72602916
P09995,10354124.916394835
P08243,9863497.864775859
P02538,10579682.997285733
P07590,10711054.554349253
P00710,15336255.834764747
P02942,9310495.877981527
P03092,7528737.028290636
P07694,11093804.707504258
P03788,7470213.598880064
P08111,8386101.969117615
P09810,13176888.457427112
P06309,14499085.214153206
P02728,10397286.257164929
P07655,11570522.01942447
P00124,10773880.853274899
P02546,12378380.178340735
P08013,21260295.71173763
P01044,11788360.356521672
P02295,9051876.675680555
P10011,13604995.807280865
P08259,8418110.354088785
P01716,8908638.86812049
P04251,4044324.5462707453
P08497,13014554.71438008
P00835,8148483.974278147
P00996,9712825.481127126
P09897,9778216.863949409
P05993,18732427.0977401
P09757,9827172.098088065
P04654,12805144.451585304
P03643,12031763.091336474
P05939,18250396.02844689
P01192,13132873.981489934
P03238,13508441.91707853
P05146,10090631.69389403
P07037,11236884.036656985
P07214,13710019.823673008
P01461,9680426.620783819
P01648,5063189.764532729
P02175,12295701.927166184
P04120,6482447.40613384
P05988,10381748.137357328
P05721,11049043.839450134
P04464,18378177.83560117
P01630,5525607.909607146
P00091,10850524.22022021
P09356,8596018.359250184
P02683,9196078.860215735
P03759,11990293.7204291
P06093,9209094.887995182
P03388,12862721.128895361
P09467,4462969.2187703885
P09859,8637230.545835504
P09609,11874742.21128381
P04896,9974965.925146079
P05949,13365813.960167523
P02002,5186576.8449447295
P06714,10293417.739245554
P08095,13418211.256320877
P01638,10537191.23902231
P00202,10723763.480924642
P01621,10581392.571532741
P09424,8942813.434862588
P00490,13046555.026578497
P04205,12530700.973352775
P02379,13334792.779387433
P06620,11808004.434293566
P09646,14139081.627362903
P05688,10523162.711695565
P08878,6981555.668517421
P01466,12000270.751171233
P01940,5397319.491686402
P09840,14348594.538070323
P03990,14701621.90131719
P09602,8575270.253287127
P09774,9899865.621404685
P06268,9032195.955512343
P04017,6372916.77179788
P06385,11031731.511772506
P00024,9117483.111488523
P02663,10018875.719890423
P03312,12289220.897989739
P04039,10694784.597314427
P08623,7732561.098107623
P02068,12549994.885823898
P00985,19768815.438250214
P01659,12067603.314213036
P00104,19899130.177531935
P02958,12679559.946497275
P07934,16381693.266427724
P00440,15100848.246060112
P02043,12349120.695081728
P04689,14580856.51536896
P02836,8091075.648350065
P06335,10954143.350116141
P08934,8065536.336677335
P04671,12819671.849562699
P05317,3049825.006928074
P03701,9148488.604911413
P06070,20709372.929020368
P08116,6200385.206051381
P05140,8316240.105376553
P01373,11824171.61141747
P02628,11217576.5192931
P04773,7937558.531629354
P09842,16438459.578628547
P03099,15610232.043060917
P09083,14664213.18056848
P03650,17551878.37230611
P03539,9159933.970251415
P03275,4435233.77760265
P03380,13716128.248518853
P03937,4778636.088312355
P08991,19710911.22045808
P00497,11271290.803988714
P00592,9118533.099459063
P06365,11413264.268689118
P00271,12126669.51871408
P03477,6168346.184281471
P05922,8950074.648481399
P08761,12548276.816084253
P08734,10203542.32167192
P08183,7532589.991324211
P07804,12796668.57831919
P05385,4099305.485383337
P02614,8940846.262324054
P03042,7274648.848192273
P07999,12751929.887733268
P08510,11781667.225403037
P00318,12837868.249120053
P03605,12760432.138254685
P00417,19013242.649859503
P07324,22498905.75505607
P07491,10858202.405888531
P01969,12981524.219477104
P03364,13656912.022559742
P04864,4844294.476815373
P06176,9296336.07379136
P05545,10456675.724443885
P04265,17584065.723026216
P09759,6916205.684076987
P01311,13950471.1125057
P08957,11990047.19084621
P05178,8096884.551397334
P05903,5837377.642564513
P08204,13870930.70689364
P09487,6924280.884587023
P00333,7597696.98317915
P04429,2725926.6564490264
P08606,8227432.72658379
P08521,18483868.458742186
P01348,6908656.074530452
P09547,15167035.487153994
P01228,13773741.331587916
P03920,11134589.887518084
P06086,12747832.625329724
P00059,8477361.982220864
P02949,6425408.055224923
P06025,5577005.630587716
P03424,13904529.963289462
P05089,11818465.956685191
P00348,11146458.37099075
P09247,7645054.148422728
P04547,13072262.124994904
P07493,21977228.065330166
P07052,12040835.949124124
P09442,12118232.843332583
P06829,19743659.858525928
P06388,10703823.248498764
P04985,12991016.666227479
P02152,10485243.848619673
P01764,20782055.736836623
P02666,11127469.393953841
P01696,9937714.43155997
P02821,11774077.754171398
P09878,10588214.239838494
P03075,6639700.40859931
P08563,6112699.433477243
P07271,9898686.117635993
P03483,16959007.55099878
P09437,10131403.917483533
P02491,11990444.146527916
P04193,9904674.973469634
P09716,9974584.412628476
P05887,6634887.209668369
P04454,9566173.252812883
P06170,5392106.655383583
P03530,14299566.627540618
P09877,10166392.454819229
P06852,15858233.024227679
P05933,13339658.212947523
P00657,8295976.240941072
P06748,9794829.226534063
P07013,8389788.679231258
P05649,12376398.78227224
P06061,10650124.129669813
P02790,11566598.970243545
P02410,14757756.869564593
P09249,14378146.365201628
P09635,12564861.930429492
P08185,11178309.827778744
P03057,6185955.728326074
P00799,13786131.308891285
P01960,17848217.082474876
P06526,7959671.508985153
P04692,5322675.444887436
P01304,13660213.968105571
P05581,12118291.838502258
P07533,7963378.4658081755
P06659,12262967.942095928
P03632,5436261.8509727735
P09125,9619504.510855427
P06024,8765243.162316669
P08040,20488965.44806429
P03695,8875025.260461302
P04735,7956644.238068365
P03843,16336145.681001754
P09133,11526656.903957022
P01261,11691639.658423483
P07336,9121072.138102094
P09251,11776460.260637082
P08057,6812878.1183195915
P04183,11958516.229803313
P05828,7861628.573469834
P04321,6601573.388110098
P06605,16593214.271408118
P02259,11510814.18576215
P02766,6834098.607609406
P04539,9025792.420616508
P09323,7520240.401908082
P01776,12288782.029435774
P04169,9022675.122305596
P09334,6420992.616609616
P06849,7894264.392509211
P01547,7539637.735979196
P09667,12533185.37880512
P05792,7464621.560382428
P02909,12694351.94414031
P01540,5847612.222612013
P02224,7842961.815431142
P08378,12630590.937806651
P09647,13785889.818609454
P09752,8966763.384700136
P05337,4969148.71044145
P09532,9564858.534693273
P01637,10734139.6763574
P04036,10365873.629128758
P05462,8298081.019511328
P09955,14873730.169100095
P07991,12092943.29955604
P05982,10249374.226207722
P00547,8555056.486148527
P09045,14412467.701266428
P05977,12567770.122062597
P09331,8011638.52485279
P06474,6466749.644920474
P00365,9093529.194317041
P09641,9611191.125031753
P06362,14132178.328086229
P06140,8188723.58643504
P00077,8608637.880890906
P02277,12071287.985092359
P03390,15298932.858879345
P03402,14012883.303166917
P04776,12325556.930555219
P00540,7295981.951028925
P09587,12390663.45143562
P00313,14748736.590323422
P01300,6127203.944586875
P07577,15917518.604422174
P03039,13429397.33688403
P05207,7329149.912139178
P09494,9633879.16819959
P08403,9221772.353978097
P06502,6197831.555422499
P06493,11136975.295972444
P00672,11862412.091349864
P07302,14020094.021997161
P09543,8076775.041296062
P04767,9946624.257061174
P00619,12357556.383605096
P01077,7883520.238544693
P07886,5607949.229461194
P01870,11496593.770069558
P04065,19593375.117002144
P00436,11154923.424544444
P02284,14523061.81624177
P06897,13543199.747948345
P08502,20025472.631611764
P09678,7620308.909363119
P02345,8309532.324601361
P09644,10653642.477341484
P04488,5688722.084572341
P09096,11975783.233201105
P04030,12733433.461093834
P08949,10410656.411188656
P08218,9257328.621181473
P03375,7931787.701530095
P00946,8235464.58490913
P08398,15322955.517116828
P08993,12477003.32506182
P03514,9931054.930260813
P02315,5165037.372173509
P02610,6504902.903114992
P01214,11765308.763349889
P06059,12652791.425901635
P00462,12810659.373246957
P06921,13175357.948747393
P06800,6639755.98239921
P04267,9710804.746455297
P00179,20056881.179360658
P01729,12425193.577135392
P03269,8706806.647848295
P02808,10582096.12591382
P00349,7840798.580969026
P05032,14635932.952970108
P09747,11049850.02026911
P10020,12879188.290602911
P07162,9882745.042575816
P04166,11568359.473277718
P06777,12834225.739443123
P05497,6269921.3504316285
P08354,14583811.974377763
P02912,7942273.61028235
P06021,7345829.664292245
P09364,12884044.61576008
P00693,18357535.796859384
P00605,13166811.132425282
P04149,7494340.511761274
P03647,10678804.389756275
P09228,13149552.592306867
P03742,6952015.538298706
P04327,21105494.860941093
P09982,12934984.089506118
P08632,8824233.52544958
P01126,12627728.112884173
P03480,9625960.025898254
P04361,9008030.388668327
P08349,10959724.913667649
P04425,10625118.038764808
P09455,11098612.764702382
P03095,8295246.444834842
P04349,17780076.970585685
P08219,6773537.992910926
P04517,5880304.5637258915
P00523,14780921.220836336
P07874,12514271.925321182
P09907,10365389.810761504
P05273,9095246.482377278
P08515,12739888.628862139
P04996,13796590.509099511
P04155,7016757.733172865
P09535,11240262.47813222
P07983,9288966.171104355
P07289,7841517.791404786
P02058,13856569.950830497
P08222,9442550.878800498
P00923,21627407.84809825
P09081,9628480.309334287
P04495,4708113.877802684
P04133,8572665.035916792
P08946,8383241.109606274
P06224,6990282.974964682
P04469,8007383.7410136005
P01839,12397337.888265554
P01436,11858165.753696451
P04224,5295060.431218326
P04313,8469380.33366388
P00208,7347944.310142258
P04491,9939567.135455873
P09160,16298414.971757106
P04937,9151779.00890588
P08542,10883219.351290949
P01040,6783946.773908985
P00206,7280292.555085005
P01945,8454371.837252825
P07148,8160925.42784347
P04097,7744613.475922575
P03434,14948492.090311715
P00437,11588098.554382602
P06956,7452945.199409568
P05376,8725484.282439036
P02731,7632470.248848766
P07895,12764749.717780225
P03804,7203197.755530172
P05220,15352067.845303912
P08555,7962223.545558479
P03209,9220127.26654005
P01819,12296664.248751389
P07646,9747476.708608352
P00344,9057696.020574164
P04587,14670482.340505889
P09753,7101597.625431735
P08425,9678209.579101501
P05084,8563183.85714412
P03563,7454129.697055424
P01594,6400884.878205864
P02339,10270697.86712639
P05555,9498434.092439013
P04721,6904673.309158012
P04093,9449956.299965777
P08089,14414218.380496792
P09378,7010474.491296973
P07421,11107806.47026014
P01759,5958352.045237589
P07167,9294044.213184426
P08437,7255892.333444354
P04886,8075697.38125419
P01479,6917116.111343982
P02773,12712602.909276418
P08470,11598938.731428584
P02635,13464524.293198798
P07872,19687464.570579883
P03756,11515991.373062022
P09216,6729873.17059639
P05141,8049924.49135423
P01509,13390991.09678132
P09721,12812649.346968198
P06471,9065134.291952455
P07114,9506709.75427827
P07201,9641691.57851119
P07279,15868176.3944132
P03204,19353343.192274313
P08892,9017246.992723053
P02337,12283792.1242269
P02354,13479314.364437807
P05088,7165877.080745346
P04908,7953346.992825541
P07238,10604667.813367382
P04781,8614654.150845917
P05692,11646662.358936606
P05453,9091676.765807765
P05143,7466082.367932545
P07168,18122138.220684763
P09853,15524108.590764187
P08595,15197870.269162338
P05012,10690269.649326498
P00439,12886266.199868234
P09120,12325098.347070716
P03886,13684961.362560758
P02535,12679054.703713229
P00265,13307461.619714918
P07202,13096843.057926523
P05788,8602044.39930811
P04560,6616398.004384146
P09735,14113332.308292946
P02017,11868573.20889235
P08556,9317395.230395848
P07464,12480704.347005706
P01730,12059476.50596505
P06056,12313299.329671739
P02569,13057805.189832613
P02742,7761034.888445153
P03291,18333140.404416017
P05070,12260503.957330316
P05397,9546225.556412483
P06672,18292956.535894696
P09063,12987708.494868329
P03478,12228635.91951977
P01872,12465135.996833012
P05603,11859503.857609134
P03466,18236000.646488197
P05441,8258607.551483078
P08898,14638149.106148385
P03245,9624841.254060477
P02998,10316006.829542415
P04449,21649562.08112673
P03862,4477320.7404328445
P02804,7287969.3604344735
P07671,8236305.247046452
P00117,19692471.94086064
P01553,8963814.884460852
P00447,8208436.607639888
P06178,8342854.722523255
P03984,9107365.379857317
P04693,6681849.252614695
P00060,21383863.588040393
P05115,13557333.240356201
P00083,12851837.40765832
P08198,7563540.394210666
P05593,7343443.171914339
P04261,12763594.913714238
P09233,17596659.909774855
P00273,11535220.474270912
P08100,16235548.902670069
P05204,18922236.637661263
P03227,3775770.4527233993
P07378,10745694.688921077
P06105,12597161.271221146
P08922,14296610.623937307
P00503,10214983.63637782
P07943,7589463.030380581
P08807,14405548.154294528
P06960,9176718.398628332
P07964,14666661.486797657
P01877,8129800.620769108
P07498,10282647.48783546
P00950,8926996.81147474
P02037,8918882.374819957
P02967,11060481.85884145
P02707,5708598.219658642
P04395,15898858.006964631
P07215,16011030.71096608
P05901,10900202.318128182
P02962,14416027.677473584
P09674,14267548.775292912
P01273,11913875.978757292
P06882,19173061.058685835
P03965,13930415.533452813
P09171,10496602.20989245
P03192,4499738.607617048
P05892,10534355.684154605
P00287,9304149.112467797
P07008,8386522.714968881
P08605,9337700.703745903
P03692,9516143.360034525
P07403,10602445.107236283
P03515,8593797.69331417
P06680,10980711.185645107
P02182,4803210.116421184
P06408,13020703.269142052
P00536,14593559.234320862
P06357,7678337.880295282
P08276,12440740.795061324
P03412,19137436.84737864
P03488,13941668.566646833
P03320,12261940.999221683
P08043,8783271.16641973
P08239,9793380.231659837
P02211,10842048.642813379
P00116,6155372.063911643
P02342,13675575.105191078
P04287,6887909.178201156
P00173,9052119.01017048
P03475,5746908.263469349
P05235,5632745.826237528
P00543,12848115.03242187
P00862,12848811.672650281
P00415,12177676.211431455
P06233,4816962.853067031
P08067,14139625.939224731
P02978,6178887.562934482
P06428,10078884.821508689
P00527,9699372.136292625
P04738,12073178.649333613
P08678,10494992.57391553
P07665,10652130.741595494
P01811,4859666.987901667
P07791,10336643.444848897
P00926,13071897.05579438
P07298,8119840.609398627
P00613,12093087.075982245
P00804,7855475.5243135635
P01664,8531961.73793369
P00875,11149953.35785142
P07977,15803047.60609156
P08684,13062638.467180239
P05628,10819876.016894257
P06503,14145483.400344549
P06618,11320805.284005575
P05831,11566676.403746953
P03735,10461965.900154417
P05393,6566507.021896303
P08725,13097622.795510862
P08986,9235871.073439844
P05732,10155761.5053269
P07106,11577319.89493786
P04966,6484288.155916131
P06032,9048773.656779267
P03169,12963284.972466886
P01010,8018765.390691478
P04731,14468607.309862526
P05931,13787994.766494136
P00080,18218517.24332153
P01233,12109345.028903963
P05758,12157580.174004814
P04623,6346519.125041279
P02780,15262133.087030971
P07944,10643894.508010454
P07763,13868959.67261802
P04940,11313087.824378893
P06282,15142412.47946778
P01075,13228391.918813318
P05871,21796984.319993507
P07329,10844604.194542928
P05001,7957969.706415925
P10022,11211508.181762837
P06523,14719459.008130549
P03300,11488908.947712377
P08870,10652852.406777438
P10004,10727188.88563656
P03535,11946572.354549287
P07719,7726358.024006046
P08302,13376204.3841295
P02301,8771259.947247675
P00866,11289328.323100157
P08978,13194730.68684178
P09913,12500511.981349511
P00698,13193305.705270896
P00681,9941215.689675545
P06060,10008945.57751095
P02859,5775665.533264519
P08762,10917954.504297279
P07733,14479009.249252966
P05681,12319133.851407483
P04094,14651478.916788587
P06480,10582629.585762812
P06442,11280971.059844423
P05811,4737462.254034932
P04049,13383975.982712023
P01003,11964374.344544565
P08850,7770586.9074634975
P01338,12036013.695458077
P06701,14286015.66888578
P07076,12499803.233263792
P06619,11028100.03590662
P09518,8651296.363971593
P01899,11946817.0434606
P00369,19337131.128449526
P04747,7757607.358949198
P08920,13719262.841038378
P03097,12369340.445296945
P07288,11020225.127418542
P09209,8472459.936208365
P04757,8792918.802570026
P03907,5586434.540614322
P04150,10253396.748512585
P04581,13889130.589995682
P09801,10217553.884873722
P06725,6370177.636783286
P06575,8119626.686260703
P04359,9478166.69589754
P02256,7618006.785633931
P06927,12342917.601564905
P08233,10458723.76687367
P00991,7967563.86013991
P06872,8196948.363547333
P03894,11004558.721508494
P04174,15373143.860749852
P03045,8109228.810131942
P02375,14762632.64001435
P06402,9030161.661406748
P05998,12131141.575190188
P06743,13333685.674978074
P04255,5339818.808631091
P09341,9032164.04081339
P03214,12877091.751834296
P06425,8402940.898870308
P01245,8849400.314147916
P08200,11986730.549847849
P08833,9921248.647681877
P00761,13477335.704466911
P00406,12893940.345202792
P02036,5454313.292844842
P07043,13189984.359184194
P04404,10371737.87600505
P06190,5482076.718278901
P08366,9201713.128610509
P08404,13254733.937303575
P01830,8629969.26138508
P00933,14417196.79015469
P01717,10965122.094135657
P08680,10710174.468913041
P07549,14036487.587190721
P02510,7134118.91353223
P03134,6673239.23058363
P07843,10227219.469277956
P01134,8208727.796746299
P04308,10450757.912564155
P08087,17026987.996514235
P03518,5575002.75461608
P09410,18344530.350302286
P05816,7608959.0868304
P06778,17057443.222605746
P08346,10740665.543723524
P08397,7642861.664579037
P07486,10059525.125710871
P09848,12305364.327883862
P02150,3857265.7671291395
P04461,12444660.75263993
P06074,10181838.630065754
P09844,9292320.908235196
P08741,13154121.918680828
P01079,6174510.040110111
P04787,10830427.52886837
P00772,10630198.042273937
P09306,10033523.144081637
P03131,5443406.508662817
P05294,14673260.9039861
P04381,19219278.620745044
P06430,8959380.262388194
P02625,4029522.905087156
P01562,17419839.361127514
P08637,10972094.141357776
P09062,8372896.242612443
P05889,5486750.961227178
P06397,8325904.410037791
P06607,9533482.777515205
P02509,5816616.524680971
P08594,20169381.762349017
P04337,4418849.082756094
P00795,10694881.290972825
P02923,7368858.996597592
P09082,8634130.457331816
P03826,8678248.752254637
P09002,21753215.993557855
P06451,9049388.67971084
P09236,7026815.390586836
P08758,8557976.825695459
P09695,13266961.992666334
P03079,10991621.844149377
P03624,4448564.812797976
P03859,6416985.482280894
P08675,12271938.215233114
P08549,4084794.9905601162
P01581,13930220.982803011
P06563,8678302.982833043
P04368,6999334.535162867
P07757,20895430.409336705
P09071,10354256.21752617
P02639,9101324.592650201
P04282,9054407.127733871
P09428,10455335.830803983
P09682,8540020.03029251
P03100,6647902.329615626
P01136,10726688.349769214
P02427,8329609.567769258
P01996,6243652.333123938
P07482,9911790.497447504
P09630,10102404.03497519
P05324,3514159.6983177634
P08847,11116477.844367111
P05643,8777851.578743137
P09184,11556546.428959452
P02318,13514227.645127269
P00737,10926655.505817985
P07146,9626397.306858977
P07326,13438814.203823045
P01199,11617407.747514011
P08365,16606619.729683561
P09749,16492078.153410412
P00094,19313578.01460489
P08750,10086835.328309499
P03467,9249340.190824552
P09022,7637653.573803227
P06580,13943879.087057453
P01138,19026036.407327916
P08525,12021794.286919903
P02837,11719141.139233539
P03321,13090919.108618498
P08491,10263072.387778267
P04231,6782476.137369371
P08498,7830667.726001966
P07710,14080861.880725296
P03856,8557666.304020267
P09797,13881402.964944629
P04511,11511131.70061466
P05527,10746183.256871874
P00457,14078423.126063306
P01262,9912067.95556755
P09072,9886302.523114145
P00065,12440463.640852176
P06658,16245482.564581105
P02700,9734910.59808296
P09789,17322042.462611493
P03398,12331481.687265001
P06823,16480891.728440212
P03155,12352953.842190053
P01414,9746611.665595269
P03667,8004767.966962656
P02566,11301515.313800778
P03799,8558495.449746082
P04876,13439401.297412802
P05588,6900422.734927634
P01271,9794498.399534974
P00496,12943501.508160038
P07470,9659671.955335252
P01977,21982424.22463223
P02199,7815479.546608588
P00588,11231901.814080529
P02059,12213557.813915087
P01169,9313839.392308801
P07610,8672636.740868652
P04960,8501608.837615823
P08074,10035484.651071645
P09988,9594559.94564741
P04918,10536911.028421296
P06023,6784880.982100573
P05019,6992910.388901608
P06765,10252878.769200958
P04116,10862868.531076202
P06702,18625690.216698084
P02358,10732027.935998278
P01130,9205679.851114279
P02592,8701220.141402142
P05062,9864711.493135126
P05574,7020696.221678362
P07220,13916400.604089258
P00581,8091287.927244296
P07059,7928761.24385383
P06468,9489005.300584778
P01556,9447265.199581001
P02282,10708304.553517599
P08871,9410871.928943751
P04669,7760726.523445731
P07045,8834270.606601205
P07064,18237261.226431534
P07584,10793198.055917406
P01494,14280072.187249547
P04687,10089312.83443851
P01740,6913295.992035268
P10030,12195312.018002314
P09421,8573838.91263703
P07115,9191158.070684053
P08172,9284412.01459515
P04848,6875231.293849729
P04945,6006883.1796271205
P08379,11628919.139347268
P04780,4591546.021750055
P03824,9524541.358905673
P07832,14144633.01857658
P00155,9192089.950511564
P01677,10715967.938331552
P09895,15639544.908706948
P08022,12144111.018025087
P02697,13833223.314443702
P01144,21208973.923348118
P08687,16141280.327030586
P05878,6942918.522242144
P04309,7134401.590806621
P09938,16555830.772342006
P02042,10768387.804161651
P03215,10037528.78720716
P00736,18053822.195604853
P00198,14550068.178081984
P05911,18694716.38710022
P01197,13635058.836900529
P03268,11327829.886843752
P02812,11566248.482804395
P02446,6954125.899805669
P07276,12667999.93350186
P03801,5159424.681992118
P08046,14512908.821475988
P08671,9267438.930291269
P09873,10134153.400441045
P09954,14342470.823293855
P09006,17705445.24983893
P08704,18463720.15462958
P04905,11921585.753558565
P03306,9412179.127540756
P06372,10928280.672661932
P01441,9798702.815470722
P04964,10386150.392010016
P00999,14343559.263367336
P09227,15160433.63787752
P09820,10067711.996923076
P09118,13805494.442905454
P05368,7121528.756974677
P02122,20417528.227852695
P07918,9866496.609823236
P04162,9990170.21947649
P05361,5039615.954613003
P06284,10085361.179671045
P02214,10389116.84496175
P09155,21225229.499035336
P03677,12427846.195530787
P07476,9230870.941315658
P01731,12810270.85815191
P07305,8965898.151752062
P03832,11999442.976482002
P02213,17445164.405874435
P04635,13796780.837372422
P07702,8188957.049492575
P04659,8791038.88950169
P01211,12811440.797349652
P04990,19030056.262351595
P08721,9975546.973096538
P08484,15478257.383292805
P05016,20144438.131810047
P02474,19128446.862293843
P06371,13193202.821884857
P03280,7324383.498831891
P05026,6276499.978583739
P07426,13134442.254027838
P04408,12820429.49984684
P03354,18151072.411510233
P01894,12466522.838387184
P02333,8266288.783123189
P07799,19552686.434484996
P07154,8977406.328933178
P02400,16134823.167653142
P06162,9832551.639011612
P00309,12640253.654226473
P04969,5007008.503446084
P07230,14733265.137342373
P01289,15062441.9413029
P09865,10155778.444649486
P02430,10735853.48254839
P06868,14130782.937091507
P08654,9467464.807630705
P06566,6729197.747640191
P07715,11140075.388438132
P02250,9013137.902669271
P08124,13377912.23673248
P09857,9489308.34029895
P01366,12946318.068942958
P09181,21270823.07313256
P08627,13302292.426803268
P01204,13593479.647618592
P07240,10049224.127169585
P02415,6257655.037168004
P06520,7995087.979168861
P03740,3539734.676050543
P06731,9848828.8840036
P03863,8555601.432599159
P00690,19858936.429504614
P07223,9389007.57626164
P03212,5924971.725958408
P03952,9600217.472217755
P03035,8220118.850557975
P08453,7909300.393247876
P04143,15337690.227396183
P03456,11492842.713320812
P06420,7320844.155041218
P00676,11950113.302927386
P01611,7706863.422399828
P07700,18942631.06567038
P05678,15249610.320430499
P03313,14158401.646426706
P08900,10615452.933381561
P09795,13831453.418490535
P00424,10748059.717202589
P09232,8793764.149886118
P01229,13808569.498960216
P05061,15759448.532059608
P00689,9232502.974102296
P09150,7872318.207566155
P03744,13238915.342754496
P03697,12737620.92598566
P02226,12228673.23527208
P04289,3762087.8078560783
P09693,9199135.478713313
P02329,10454511.345776659
P02281,9402808.880627835
P00752,15669556.67806814
P06885,13538642.087090999
P01980,6013558.068262193
P02414,14185714.937663877
P01292,17214838.061612003
P07559,10253635.53952023
P05881,8140164.680720367
P02782,7166760.957019875
P05585,4410515.494146902
P03971,18529929.177404
P04184,9651113.681166515
P09637,9959365.369247481
P00258,13822926.159556923
P09480,15632615.571426127
P09465,8119747.482546714
P08446,13278610.661267977
P04210,14356736.635560423
P09346,10964959.513500404
P00379,11052956.85941955
P04546,9516744.75486706
P00556,13847110.022455476
P00797,16005325.617043907
P01841,17116947.139879104
P06584,20497522.01064754
P08021,22484404.553839717
P06710,8770612.365001397
P09525,10784335.655505197
P09097,10744711.387728125
P09605,14607617.219870932
P02035,4599231.8873771755
P03309,12193060.938461483
P08139,9053610.500424895
P01263,7888291.988077099
P07981,8430917.137021221
P08936,8373121.190590026
P01453,12101563.128402764
P04696,9047991.664953379
P09310,9329107.55495634
P06055,6110954.370952328
P02444,7687353.460205945
P05036,12154054.49117127
P02847,11613496.203034256
P05539,7867549.254532091
P04301,15755403.279735515
P04453,21280713.46787612
P01001,11657729.809861574
P09811,8947385.935140707
P03218,9489349.993258782
P09614,10060637.496315416
P09254,11644265.459083352
P03962,22443154.247983966
P01269,10764310.596833395
P08324,9767499.68427644
P00519,12954798.212499563
P05092,12176604.766641973
P01591,12587065.156109953
P02063,4979031.400531438
P06918,9991804.264791371
P04373,12885666.372694327
P04540,12257273.76412056
P01252,11323805.748436036
P06490,8335363.060734564
P05785,8598471.72222475
P09989,14450737.122310279
P07718,11333934.552925158
P03371,12303438.05632321
P08402,8684742.017635489
P00648,12678043.834876359
P00181,10275870.35730762
P04372,12797938.937580174
P07160,12357073.64032
P06863,13493285.99357033
P00684,13312543.333847284
P06134,8791448.578901868
P08935,16494100.40263321
P02869,9308819.882141434
P05482,8342340.703599332
P02939,11093925.266801454
P04796,6835336.642539857
P02200,13733905.975816257
P04394,4082706.880877374
P01890,12815742.6464224
P04601,10955838.16495719
P08489,10165693.930840299
P07712,11586729.587199187
P06697,17083645.357916992
P07017,16266881.81152604
P03082,6661409.802493617
P07018,8404847.944803504
P07394,7370868.905113402
P09688,14396390.628431702
P08187,11233737.674482787
P04284,3727765.6420082026
P04152,8103775.7771433005
P06281,8740837.808633327
P01805,7827032.2270829035
P06286,9055215.718244193
P03241,10097565.484221617
P06839,9153134.099621246
P10025,11142994.49121359
P04889,15417097.334803112
P08213,17795730.012678757
P04351,10755181.626520865
P00798,22044842.2092206
P08423,12421454.756485628
P00885,14613749.661626682
P02049,6683398.503476827
P09286,11122017.16446444
P08668,18043181.089217722
P02525,10777588.870650603
P02975,13257287.62572083
P04545,8735143.893234447
P02346,6553003.324640086
P09850,12940841.772670843
P01531,6926330.26970952
P03285,7187283.474667388
P09669,14491784.208288146
P05075,4548543.532366393
P01828,6276787.830707273
P09219,13550070.09819062
P03106,9732887.579238294
P06014,16142339.485783866
P03616,11228386.399860347
P07837,9616023.643999878
P08157,9889847.323574452
P08092,9150099.102142416
P04165,10635597.360795738
P07743,13853521.460533421
P02681,12358214.633158688
P05206,11702531.414658511
P02032,8252535.967146181
P06819,13411669.632958591
P00323,14453728.2502384
P01858,8514035.400631227
P07001,18641585.178053375
P02924,10517208.421211675
P07738,11736735.06015168
P08886,10086009.523529653
P05863,8172984.571319254
P03872,9895728.415106513
P09499,11956597.856445236
P00090,7768210.325941421
P04828,8030282.36379258
P08064,14366727.437607719
P04989,21495148.853452865
P09053,13636958.145779386
P05487,7187267.685165143
P05116,6213844.128993839
P03865,8348094.477354502
P07675,14229025.042225722
P06087,10997222.332540262
P08914,12911308.971293762
P06352,11143136.273883652
P05188,9050211.47218569
P07517,13236107.484478064
P02563,5842300.517153425
P04365,6871002.1773949405
P03427,11376738.950762775
P00053,12907254.162159745
P02407,6757233.070495861
P09278,12988735.154631006
P00819,8962497.592793263
P02699,17994027.999580786
P07315,18789099.142167386
P03798,14521047.536782578
P04858,9659885.575932458
P05398,10807479.578253437
P02732,12252129.649401356
P07628,9361653.056257691
P07796,10395291.658954429
P01698,13695885.917369999
P06322,11389266.41154831
P00682,9885184.628978405
P08483,12066664.035236556
P00907,8858727.266195519
P05457,5695082.065852726
P05090,12263393.522400133
P03120,4654020.790807048
P02154,9121150.757301169
P07896,13200819.76017189
P09277,7254822.85062511
P03444,8130123.849028034
P04947,9251047.935198491
P09792,8715085.188641483
P00594,8667175.965348607
P07296,8961593.205421342
P04822,7131107.25982933
P06151,9745430.154505027
P02574,12614231.70521945
P01962,13024625.636783753
P00734,13287679.565195676
P06456,15392070.332399048
P09317,8415764.561277023
P07087,13158295.669972599
P00533,12570024.752398863
P06905,12081292.814940788
P08714,8605727.046962073
P07452,9880827.221124876
P02642,11942953.994513769
P04838,14164765.303872805
P04998,10273915.36639906
P09966,14046957.053887296
P06647,11608215.937536575
P09156,8954003.213807534
P02353,14227672.8455627
P00428,11530081.939283796
P04626,10003667.792267451
P01274,7469931.901875171
P08557,10743626.976250097
P08180,13725837.117247473
P01047,9479864.22477816
P07316,7155715.714431287
P00971,13920547.685554594
P06497,9892414.051938294
P02963,10264823.538716368
P05716,11559993.548834642
P01224,11799767.330926523
P07785,5089826.235870247
P02578,10978968.709255164
P05583,18938802.718685776
P03419,6547739.316953532
P04396,12138878.85195823
P09548,9406555.218529874
P03482,5409016.173093534
P06124,9239719.753661048
P05411,5811423.075102677
P04392,12694777.824403038
P09025,13221360.168647753
P01871,7799449.342234732
P04161,9043252.749834768
P06111,17759734.845221546
P03948,10221389.247478476
P09900,9845457.749014335
P08280,18371347.22995539
P07149,5796304.142130035
P02981,12080542.269215092
P05458,8794478.278505595
P02835,10342351.255330903
P06366,18124343.968187895
P03750,8016129.990672089
P08828,9501085.078701753
P01532,12197233.337910974
P08495,12130979.064428573
P05071,10391419.164115136
P01515,9060024.381393729
P04214,6462622.038168991
P08661,9611084.437602699
P08073,9202695.290924104
P07965,13839792.36841135
P06258,13275048.6615243
P03176,12903705.564468903
P01486,10413879.62192564
P06421,11761097.061019793
P02467,7792618.909396403
P09880,12279362.052119639
P08551,10268980.588472111
P04576,7783361.406713555
P04220,8175796.248791916
P02456,8133351.748176681
P08036,9809114.886723401
P08910,18003852.298987806
P07186,10036732.0947773
P07604,14005296.519567953
P03935,13065644.179915177
P08029,7836210.125479628
P05677,17918266.122864984
P03437,7128732.8406946855
P08631,17812570.340421565
P03945,4849978.112974868
P02826,9214132.962863032
P04987,14220619.318094853
P06510,6959329.397171297
P00686,11818903.300838094
P02161,6191546.694569445
P08416,8679483.203421446
P00381,11076165.731706742
P08789,20965524.01575309
P08106,9488574.116646858
P07328,8273379.982301545
P08341,7288632.484660104
P01882,9476875.839550894
P07465,13244971.165876903
P07398,13641929.737540266
P08097,11625108.660586024
P01917,12340922.39095228
P02889,13291990.826558383
P08846,13776646.458107585
P05148,12682713.379693711
P08538,10195755.834069585
P00788,10188351.987517627
P02173,20997208.5768077
P08242,9397199.20376484
P01823,8395116.081822649
P00222,12314266.851909112
P02038,12350347.40357165
P02612,8427353.250025844
P08372,9407662.338921241
P09326,13640830.341364231
P09562,12932295.615149353
P00876,9071569.885040108
P05731,18164567.75505936
P04111,14779617.50760075
P04527,8761266.146398956
P09430,7985359.9233829975
P04667,19166294.475899436
P02870,22008965.73398801
P09496,13931646.712257573
P05664,9832207.300466381
P09282,10217629.739543717
P02260,11821372.280881358
P04508,17536862.644467127
P06802,11421387.463192524
P04380,8440127.192848934
P07227,14772772.047536772
P03341,8960354.738727659
P00131,13968705.812983174
P00576,12064178.754424505
P07166,14133334.817043126
P06251,12453562.374287587
P06237,13967650.062835656
P01514,9530977.864465142
P04007,11934961.635533234
P06923,7872073.63606165
P06633,9720977.870952649
P09927,12555664.653653815
P00997,7606340.56221974
P07393,15071177.023275815
P01587,9032590.386283118
P07244,8586215.53553358
P09172,21834867.050267987
P08944,13618295.509340847
P06147,10272206.734805344
P07095,10867220.484416537
P01019,21662275.195852697
P03439,8718995.851321789
P01612,7666598.3733887775
P06906,19428034.34961864
P08532,8190321.187928251
P07438,10509574.82263224
P08759,8973632.621920472
P07920,7415134.993049205
P07766,11416449.169288583
P04487,13127088.812914755
P08719,12629141.823627142
P01050,20087550.784397636
P08834,9845487.865888402
P01117,14603701.189162016
P06383,3921567.3226925503
P08791,10410653.081475133
P03327,9929632.051479502
P08744,21739501.155853845
P06197,6965218.423161927
P10006,13717346.262778567
P09926,9742757.630947372
P01884,7818318.267062904
P02777,9279857.957157644
P07670,9814309.745165076
P08093,7320716.748631543
P00337,11890980.778639857
P08727,13158123.413337138
P02046,11217271.174674928
P01930,13775359.115657276
P09089,7037812.088861511
P04003,6776593.108954941
P00307,13713623.95553132
P08432,12719265.1825958
P04912,9414734.64688675
P07728,11954252.018718828
P01784,9167283.319802972
P03567,11672739.167507637
P09849,14077722.185794756
P05587,11618856.246293666
P03707,6161665.831455276
P00291,6931911.138904017
P03307,4677196.914650401
P01702,11736247.615730353
P02803,11581789.530485488
P08652,9104924.078309003
P06443,6101182.592448168
P03910,9693432.578893112
P06787,13025124.886034407
P02405,10319010.253676124
P06112,10267138.295844726
P08694,7596382.059208086
P05138,8621029.221434407
P06405,8149873.162411242
P00236,10444132.935896527
P09253,7817832.038546728
P08882,9385695.529448582
P08424,18393714.546892367
P08592,18968802.03144263
P08212,8889136.170521183
P01563,5578077.85621335
P07821,18048848.209087983
P02305,9441580.592258701
P06679,13787060.515239153
P07927,8088345.471907296
P03010,10220244.26442673
P02107,5695340.147367595
P05388,9820559.38927973
P03188,8493443.598429663
P08112,4686895.756059305
P07083,12827781.930935344
P08629,11438721.23186604
P02999,8482180.476277292
P01396,7508575.751800546
P02668,13209490.574032571
P05694,7408351.7155775
P03974,7697091.28501227
P08041,11038253.574899215
P02526,13642588.691605674
P01434,9510263.123571325
P01733,7251937.385355492
P03961,13905717.773763482
P08196,11089838.37380211
P01765,18417568.201817002
P02098,9117338.496750819
P07761,9588980.410352897
P09796,8801438.958975298
P03600,9748923.110158749
P02071,8504305.039802345
P03919,6615933.791034959
P10009,10133743.521267563
P06377,12484063.35745823
P09335,7589186.533381279
P02539,10491772.166944021
P06137,14068674.958640687
P04419,12109985.240328388
P07006,11617541.440691968
P00129,10406325.879836561
P07126,9918274.405995637
P09731,9171851.911911117
P00769,8274403.271063081
P04457,11735177.950745797
P09217,15871608.617881777
P09645,7027347.57802443
P04154,11586464.624659093
P00872,13940244.217921883
P08928,12731814.752136026
P03933,5812849.439505965
P06737,10093760.967161322
P01595,7531606.539794415
P05921,11662150.467660692
P03649,14931182.978150923
P05448,12606385.888703858
P03179,7237403.556039067
P02383,7866498.641918898
P09463,12576844.029993499
P09705,8762466.165219622
P00513,8996014.787706688
P08965,11972673.78527417
P04655,6744491.946664088
P00947,15068791.10914504
P03537,11389588.761064181
P09471,9991686.946469046
P06963,9168938.497121936
P03410,11498114.93566472
P01438,18743831.386978805
P01355,10004722.871522164
P02601,8009069.543496583
P03325,19145587.17629884
P02422,9067013.692114957
P07300,9836237.225548403
P03523,7131743.99914179
P01277,9736532.66519936
P01180,9433713.708051369
P04585,7349460.929858022
P09495,13706747.701787308
P08008,12450489.24440516
P05799,6273393.989168722
P00111,9552621.277441062
P05382,15561941.792844096
P09486,13429291.393567942
P00157,7575694.551680973
P01577,10182503.86743237
P06436,9144291.600915162
P09561,10226581.464674316
P00905,8362157.833750126
P08072,9766429.702168515
P09079,19129833.58665948
P04196,8396245.934660666
P04825,11052502.376430107
P03741,15558152.501363702
P09626,12646006.643931724
P00559,11132357.564080924
P08216,14564607.230284398
P08007,14699546.436383352
P02074,8969268.585832108
P04616,5947349.293738263
P08066,7742649.056495085
P05421,9822041.785932055
P05428,11161268.216247803
P08068,19270660.187530875
P01035,10525240.782812113
P06995,10941791.886119599
P04573,5749864.460267147
P06546,5307514.814122052
P00837,12363204.391338125
P04176,16586960.479044175
P03618,6141077.077147591
P05615,12536895.039481035
P09546,13703250.836069979
P03814,9725223.014079697
P06775,19690031.883524556
P03802,9470849.967915218
P02408,12703508.473298978
P07749,11957788.075114446
P06567,10142497.254394716
P01364,9948211.507301224
P00055,14324702.161141634
P01004,10240647.449287416
P00931,17966007.087459713
P07691,10391365.68655654
P01924,11426084.107201777
P05256,12769711.053475881
P02384,13233635.49142086
P06283,14122016.752246207
P02756,13228410.370612914
P09582,12994114.272618897
P00121,14157489.135264385
P05925,19155007.594143018
P06465,6900274.765040706
P01955,9932784.577760948
P02522,10781555.157137724
P07187,11477144.719398836
P09302,13192157.623410445
P05538,8085344.243472138
P01706,11832081.764857195
P00355,15592649.97862179
P06693,9705782.436738621
P02027,11648519.945779528
P07985,15361121.015005695
P09838,10654984.933768786
P03915,11157422.375564367
P05400,5983911.038330037
P01641,6037889.632086814
P09130,11320774.333681175
P02576,6183975.0957859885
P03242,18718329.385746215
P02164,9625960.405431265
P04364,15080446.016791316
P07505,17190356.06771632
P00514,9870401.55584289
P02733,12452097.282596486
P03296,8914527.727074454
P08287,8898994.494141137
P04685,5529080.446640201
P02970,22122705.94982639
P03900,19042471.225052644
P00995,13633269.319302931
P08291,7970188.310474359
P07322,10925460.30401902
P09138,21802161.51361935
P03283,13633268.109491024
P09727,10501578.630729513
P05252,15104196.655853825
P08736,10484859.03502506
P04854,7502824.62540317
P09998,17584113.887645412
P04262,11395538.779920306
P07413,9354194.063929357
P01497,18194324.199174795
P06655,5341022.991906357
P04375,4701127.266399711
P09343,13866618.82886308
P00843,12639960.390658308
P05553,5656549.083513311
P06561,5233874.987200345
P00915,13879531.92157496
P09691,13680023.650206052
P02561,9202093.88173404
P03809,8665914.946717218
P00884,12710102.730523512
P01913,18960686.861620337
P02490,6766998.583284213
P03706,11532840.68273726
P08534,9686676.714803914
P04656,5355674.634225099
P03820,20682354.69662755
P00335,12481874.564268854
P08941,10635459.043718062
P06382,19334529.887822203
P04300,8156787.74382292
P02286,13262332.511421006
P01419,7671994.545222587
P05339,8467564.771003397
P02489,11973069.323851144
P05033,13508340.380588375
P08445,20888628.831719078
P03435,4436552.125393902
P01026,7820427.799067595
P08548,16699441.760074459
P01012,20418843.626271293
P05530,12347097.433439516
P02993,8002446.985175777
P09200,11942832.12519244
P07792,8930516.76104482
P05179,6309061.553813301
P04035,7752426.8620803645
P08519,10765466.76731519
P06238,12163329.806652252
P07063,13433651.928140713
P02203,19662949.509269387
P00106,13909682.358877987
P01620,10676969.906789178
P05195,8581268.43972943
P09479,10168608.23849175
P08505,9579089.98993202
P07705,13651567.442115203
P09934,8455428.176738173
P05212,12675830.275057444
P04778,8047419.644404168
P05166,9058895.581630902
P01483,19898075.33491565
P01503,6720315.036479102
P00620,9819168.52043345
P08376,8677522.21212991
P03426,11769974.247482521
P07557,11129228.59291806
P05879,13646734.978956815
P08266,21917312.523392037
P08999,8544231.381656216
P07674,14160539.889312219
P04322,12566738.214401
P09468,12404712.788013598
P02665,4516462.09123551
P01916,8714195.576974541
P07957,13251240.504315117
P05159,12693066.910365632
P06437,8053912.801977774
P07021,7666854.157024114
P03022,8001179.720026567
P04480,13421142.14566768
P09115,10627110.405055376
P02930,5602526.32321768
P03657,11185076.443935545
P02593,13520634.415477132
P09476,10580315.812809238
P05434,16939831.72438232
P09748,15863933.576563211
P02258,8067589.33347323
P01421,11046565.602132127
P01167,11772063.461927759
P02783,8432931.665662251
P02645,19548873.425960563
P09145,6318168.586773312
P00191,13769076.145259054
P01665,12549195.549731903
P03036,9674717.852224834
P05065,20646233.00618105
P04008,12300362.87079599
P00008,18229572.404333003
P07717,12417347.71118112
P09087,8729456.622250633
P06154,10980598.464135572
P08801,21704053.12809354
P09750,10083180.753950676
P03579,8055309.315057795
P03682,11887166.340542339
P00733,19915196.543769613
P02648,6508849.522967973
P07601,9301855.737157142
P00476,9975966.94780376
P02594,9367224.818249606
P02324,11633571.11525706
P01909,14699408.98523743
P07036,8388809.688741622
P07372,20119268.77006405
P08134,10840822.537400126
P07942,13431841.605851399
P04595,14321098.242233597
P03629,6790925.49310347
P07203,13600237.686537126
P07894,13299308.968243679
P06373,8188057.845371353
P00719,8915869.930219607
P02928,8332117.118328057
P03430,6210324.730832168
P06409,6667074.523078955
P07130,11503770.669372188
P03464,9270835.508001212
P08225,22075462.176810887
P02081,9790087.099823058
P07673,13860147.421784367
P08862,12364221.258906202
P02559,6531898.505568905
P01378,11876123.43024321
P08938,6539463.655318711
P04995,6074374.772926284
P00624,18243984.19425947
P02053,12639832.493122358
P00601,8537800.183829008
P07608,6041133.203893553
P01959,6588524.913615376
P08590,9049516.877396476
P00924,7754602.761930291
P05355,13928918.174289577
P01527,5788263.744006951
P09527,12399229.427702617
P05991,13478054.93198661
P01715,14608005.467452656
P06153,8117025.561765504
P01757,14816922.442461388
P01369,7412580.448484962
P07583,18714130.23866671
P08175,9161909.858390119
P06969,6854518.003900259
P02723,12931329.629725533
P07014,14964680.332700504
P01719,8613992.598374115
P00230,21394525.33536453
P08130,5164986.245657763
P07355,11423291.100600442
P08547,18124244.674680308
P04011,11697515.253209691
P04664,6590851.996394455
P06364,13525867.242125163
P06614,13634023.271889903
P08258,9715400.333101153
P01206,12084643.062430246
P01023,13348053.692895278
P10013,13522498.07993661
P01400,12393631.52023677
P01287,9768801.521305505
P00353,18701406.127494782
P00886,10659998.6922516
P07284,8649963.165199764
P02462,10190606.861367242
P01489,6293951.733500422
P05531,6600332.136943759
P04761,4707285.870336831
P00303,9543019.607341545
P04578,8441279.573212339
P08980,8997518.899365775
P00609,11475928.093255093
P00596,12688505.23703208
P01259,12131846.986292548
P09754,15341304.341339346
P08301,10616554.232778667
P04592,12925061.646025369
P03531,12107802.304784484
P00120,15879027.968002371
P00801,15397374.928297276
P03584,6580424.574509448
P01881,8757114.702628346
P03191,7498297.619120629
P02673,4813605.3747101845
P01984,9648570.621344969
P06869,8998021.400085388
P05671,8291790.353804011
P00650,9120813.40837781
P00168,12813767.08072807
P04847,18779624.75272687
P07423,10156111.341901481
P03891,13501207.062353412
P07858,15354347.846747084
P04263,18624104.951348044
P01343,21629603.28383274
P04811,10160057.173282
P04558,7357769.941830797
P03713,13824977.970832484
P05475,18880266.842413615
P00644,13203999.456240859
P06598,7141342.254735189
P06739,19791397.454361472
P00728,11974390.703625873
P09481,6081161.985908853
P00172,13120433.441708332
P07531,13101015.931448191
P03986,15127785.87760085
P07648,16658079.995210102
P07190,9455182.32094879
P00243,15693966.227914186
P05789,11505370.47959992
P09893,17014104.7134896
P08698,10110120.965668868
P00904,8089893.978535789
P07730,14550586.629638843
P08125,10314709.417177882
P04498,12402731.365658073
P09886,14774873.71395571
P04374,4897528.4670372205
P00685,12216396.684338152
P05046,11622630.22307611
P02802,7757381.9969544
P02913,8294184.1287717
P02736,17038371.28100287
P01604,6066393.44840146
P08709,14175750.137099706
P07502,10178935.564957371
P05335,12021377.353098616
P02922,7286417.305279429
P02900,6368888.367803976
P03554,9483715.219406512
P03980,15271020.667980732
P04090,8959217.001247337
P09290,8458962.302853892
P03387,12689938.875781955
P03470,5803208.243469256
P00442,11165981.961726077
P06261,7637055.279450944
P06909,8198057.149291936
P00787,10313970.174077312
P04521,9329432.952199763
P07783,10993629.582230464
P00712,12691541.46037961
P09173,8755191.194084406
P07195,8026767.103556538
P04421,9306120.000638163
P09627,9894857.58864899
P05158,10124074.049928978
P04004,9328207.965121197
P06848,10207533.275891013
P06265,4832296.218667797
P06276,14548957.287925486
P06172,11068935.631927151
P07617,17768174.292710055
P03851,9873068.210833794
P03159,10537594.413985677
P08457,14114967.615823623
P04832,6767434.740370603
P00565,11269487.274107296
P00912,11019088.753000993
P07436,11889011.46793413
P08113,12160333.814932434
P04437,10392704.321939206
P00989,14014500.628012672
P08580,9223969.179680286
P02485,11054103.703808734
P06096,8043989.796937823
P04302,12418543.154404303
P03452,11016544.56696546
P02121,10165907.70103305
P03777,7247529.90092836
P09564,9830356.405905526
P00249,10311273.604681773
P02403,10637755.309405018
P03391,10061361.873874886
P08256,12534797.257166425
P04249,9642261.934417076
P05773,9501499.741215315
P04775,10419903.419194154
P01288,13762030.8587586
P04645,13101778.038250212
P09498,11302079.822042217
P06548,11728472.573791472
P09814,10173830.22678665
P06742,11432932.243316893
P03680,6177739.378422287
P09263,8270957.293644354
P05073,4941566.95718521
P06249,11402923.836908987
P05544,12379582.587762114
P04700,12168904.795642028
P01653,11387582.424156077
P01325,9584400.429843316
P04613,8221541.489986898
P04413,5815599.504645759
P08546,13045152.937224204
P06256,12430014.523932075
P05325,5214117.892458927
P08150,11536731.21335739
P08879,17407011.923198387
P07727,11830815.019176103
P00553,10118828.202632312
P07157,16192829.290442877
P00781,10810180.673984464
P07822,16527936.308179254
P07909,12709186.448838755
P00296,14572051.31136811
P06361,10747156.551692827
P06988,13767733.30972115
P00667,8493436.893131778
P01794,13663655.743139792
P01186,8494502.47238994
P06538,9876176.042091362
P04459,8394379.555279156
P07966,5407550.248509145
P04860,7390424.2181425
P04197,17712126.15807983
P04933,8972491.897390917
P08945,8456887.223722737
P08701,15643830.098962788
P00399,10109754.947844146
P09196,7436614.976628625
P03699,6589629.811375765
P05142,7762269.921935484
P00372,12667631.05938971
P08161,13190746.222784467
P07855,12809008.652478011
P06091,10283476.187351769
P09351,10515502.701291623
P08146,10469943.734599225
P06591,9344005.289511556
P07996,12385021.835989561
P02483,8245180.8158046035
P08998,13063300.046486527
P00564,7394770.486104623
P03443,8569093.89251492
P08058,9994792.330537688
P05258,7290036.354379954
P03513,11540601.960120136
P05626,9248274.953848034
P02120,12181124.60496806
P08194,10081501.772409072
P02190,17002922.951657727
P04293,19003266.68022589
P05802,13813605.36477136
P07292,15564305.716388768
P00495,13971967.353904668
P06942,11185349.451380586
P02883,14561549.259581298
P03746,5766301.831320115
P08799,10835638.45301108
P04315,9438953.703634685
P00435,9267747.736660715
P02106,11629618.78521098
P04350,5520431.629568487
P04859,8801855.026482772
P07191,10212000.650499748
P05546,15564557.826850493
P03461,6901743.573086169
P09711,8305322.067591175
P00735,8000648.161578037
P01845,12282781.05935136
P03067,13928934.811072627
P02840,5304738.712770632
P04000,11442929.640537065
P00427,9047054.622112166
P08699,15767493.531113775
P09824,10363122.039808797
P09193,7845366.65458363
P03871,5214972.497871229
P03017,13640393.486336786
P03896,10319567.84390841
P08332,8041937.816470134
P04703,11953620.523469992
P08779,9584015.908914018
P04680,5040026.990317594
P08840,13091107.391813416
P09835,14014569.918515803
P09962,9019658.317666726
P07321,12079562.124658225
P00969,22175118.47037228
P02205,19276692.0827893
P03447,9062590.862071842
P01299,13368815.477965446
P01391,13945942.561436944
P01669,9271839.313684048
P08539,13024413.057815358
P05322,21757794.265501335
P01296,13763362.70478974
P00205,12318039.965803819
P08620,8655187.584169736
P03029,8818886.846023308
P01710,6388197.101028382
P02519,12706577.137074007
P00578,7113357.7555234935
P08231,11724274.227761898
P00227,9794394.574643454
P09478,14007447.651240693
P04529,13248314.025914093
P00314,8727906.895589987
P07290,11692023.571192367
P02877,6186286.604014626
P06560,9004100.186344296
P08286,10693139.542354371
P08774,9471808.296278022
P01536,16097920.654097736
P03396,10047050.910394412
P01860,9206613.579967868
P03038,12527887.337106226
P07081,7940821.162782248
P02882,12419433.593427721
P07402,9121013.858151965
P01344,9929464.172051167
P02508,16332571.278013363
P06174,10125180.847394297
P05326,8996995.512208834
P00921,20190160.75670335
P08385,18941627.754447665
P08336,11875804.933788348
P05271,9284924.676305138
P09333,13456296.212639624
P08110,11947707.631503362
P00656,9966116.925596748
P04339,8299492.460350141
P06651,10993500.147655057
P00557,10182266.814587688
P00084,11591109.885147104
P02225,14516031.661935857
P00284,12797047.437952595
P07871,9352377.240656558
P07246,11933372.615606053
P08722,13180277.942638079
P07010,7407225.074636693
P08916,9486203.773422517
P01876,5978469.254176999
P00046,10961628.683006587
P04662,5133579.011594464
P03247,7016804.7172972625
P01704,8124469.64584833
P05663,8527504.000941355
P04795,11487144.214595174
P09656,14274327.862885317
P04330,16805375.613149945
P01223,9365228.993749058
P06613,11069742.74824798
P07899,12383609.40318603
P07206,12611232.45062299
P09284,8146780.552989311
P08406,18987544.582908053
P05741,9533311.510922069
P02287,8597596.785990963
P08094,13259583.269859098
P07412,6027397.319039558
P02540,16013293.453221383
P06998,10266492.711924883
P02872,12715037.61384878
P07877,19345749.07683694
P02075,6120879.879192311
P00477,19154217.76750533
P00076,13875345.169941021
P01140,9563696.632784538
P07429,13019306.772714939
P07609,9950165.391364263
P03861,7324402.101168273
P05526,9649835.707600642
P00319,10625423.361562762
P08359,8330795.884055432
P07173,9183906.554833438
P09359,12856694.388472913
P06263,8915453.283565361
P09589,5515220.606738569
P02575,6065777.8899104465
P09355,6939492.489313147
P00446,8902519.825423071
P05719,5378172.93440788
P03069,6252239.20985626
P00548,12988470.792994667
P06353,8039476.512497442
P01101,9439129.586484812
P09613,15775575.954434635
P00380,9338963.105565712
P00373,13250957.210029418
P04296,10421409.292262355
P04013,16280211.256803198
P08075,13021874.11934076
P08514,8331874.146737481
P07979,19305581.10353928
P00506,11825557.605302231
P03578,8504822.618999368
P05594,3237175.171180085
P00218,14471948.077168977
P09100,8026808.132565808
P00003,18989460.8810228
P07906,11199291.07578066
P07219,10404963.47580572
P03651,10193493.744100247
P04188,6343378.583282577
P04849,4740282.807299325
P04219,8889812.700288804
P03634,10436912.289562522
P08855,12641507.611409945
P03016,12564240.972733581
P03883,7743781.71964409
P03685,12506770.38250019
P05241,13242807.440404542
P09412,10596426.574580185
P00277,13159750.00428613
P01640,6298122.791190754
P07596,11935258.1099676
P02271,18551682.83023768
P09725,14715172.644270774
P02505,12317283.019972987
P00841,12258127.953657305
P04792,6520179.894807146
P09017,10107595.733566416
P02985,9380063.968393508
P05653,4683080.381317991
P04915,7747793.921304123
P08193,13451261.449076256
P02805,6645125.277012612
P07552,7749240.768605568
P04235,9719666.598254176
P07359,7320653.00677039
P09553,14818528.928404544
P00290,9317693.325703118
P03070,6669795.166751231
P04340,12865228.91805069
P01139,14962777.211365085
P06274,8438929.878835032
P03278,8499855.483061327
P03011,9103232.787436258
P00932,13927925.032386046
P08760,14058409.674303263
P05606,7266978.080164714
P09252,8369899.270663882
P00725,10874058.318989404
P00808,9000496.026647054
P02926,8400817.340906227
P02065,8604368.89247893
P09242,11969005.155228045
P04568,7616601.611316623
P04632,7237814.929372633
P02044,19323544.343752075
P06818,10214611.394855404
P00809,19734157.058866467
P03085,10469210.74595264
P01700,17473876.577844612
P09287,12732593.304052893
P06825,17939765.60817453
P05296,13568053.546313224
P06114,11327824.316073183
P05778,12180770.552138628
P06968,12895023.780766489
P09957,12935928.090533875
P01337,13574256.142176516
P02753,7031536.437711752
P06166,9809208.907057442
P00274,22181271.783312142
P06229,16530958.84246515
P01411,10611734.494384388
P08745,10650708.169492751
P04650,8281384.403964865
P04354,10556307.885818848
P06171,9780785.031899419
P08104,12323451.428690717
P04064,11109584.141374338
P01994,9912164.734406214
P06175,16486390.678319566
P07701,7408595.121392469
P01588,12056614.412161756
P07589,12369894.831424916
P05364,17840724.187284507
P04207,14725682.00658819
P00438,13555155.037775258
P06272,7099286.940490068
P02142,12283862.59480315
P04489,7074227.391543627
P07888,9137585.130098395
P00238,14814346.772494862
P09975,9862201.513236882
P02421,5628961.61632625
P07237,17315167.420218937
P08285,12844831.380182248
P01619,11605133.020545723
P07274,19671589.95967439
P02493,11143731.31674304
P03294,3908595.437205647
P04965,8230773.912664694
P04222,10899763.462163663
P09008,15239350.616152408
P00814,11096595.966371154
P01506,7980797.331513887
P03538,7368128.395864137
P02955,6840436.595491087
P00250,10584979.198013905
P06392,14600177.397719573
P04153,14362863.39097024
P05491,18430055.17535906
P03112,6412555.193888907
P00158,11202712.807758512
P08731,10053781.361843428
P09741,14101318.548487382
P10029,11709933.819853013
P07554,9653300.319907265
P06496,7335597.309773193
P02878,5703432.75038626
P00641,8200290.070894804
P07136,15529469.609636348
P07199,8863979.970837243
P08123,18018194.820267588
P07963,13514294.221304756
P04055,16727564.379420463
P07269,10371868.368167115
P06245,14194758.757420499
P06008,9255203.60983194
P02839,7066181.2050097175
P07594,15717285.969726762
P05269,8682550.057440855
P09638,7543671.714394165
P00711,22677965.71651652
P05814,22628378.056144897
P01947,3342610.68892938
P09979,16640843.73531005
P04405,8496944.737239668
P01163,8142904.877234274
P04268,7555507.101986885
P01065,11906234.208887223
P08603,9241868.581532056
P00474,17809534.421359763
P08173,15527695.547118144
P00643,13403428.026723724
